<?xml version="1.1" encoding="UTF-8" standalone="no"?>
<databaseChangeLog xmlns="http://www.liquibase.org/xml/ns/dbchangelog" xmlns:ext="http://www.liquibase.org/xml/ns/dbchangelog-ext" xmlns:pro="http://www.liquibase.org/xml/ns/pro" xmlns:xsi="http://www.w3.org/2001/XMLSchema-instance" xsi:schemaLocation="http://www.liquibase.org/xml/ns/dbchangelog-ext http://www.liquibase.org/xml/ns/dbchangelog/dbchangelog-ext.xsd http://www.liquibase.org/xml/ns/pro http://www.liquibase.org/xml/ns/pro/liquibase-pro-4.1.xsd http://www.liquibase.org/xml/ns/dbchangelog http://www.liquibase.org/xml/ns/dbchangelog/dbchangelog-4.1.xsd">
    <changeSet author="Молотки (generated)" id="1616433260331-1">
        <createTable tableName="authors">
            <column autoIncrement="true" name="id" type="INTEGER">
                <constraints nullable="false" primaryKey="true" primaryKeyName="authors_pkey"/>
            </column>
            <column name="description" type="VARCHAR(255)"/>
            <column name="first_name" type="VARCHAR(255)"/>
            <column name="foto" type="VARCHAR(255)"/>
            <column name="last_name" type="VARCHAR(255)"/>
            <column name="slug" type="VARCHAR(255)"/>
        </createTable>
    </changeSet>
    <changeSet author="Молотки (generated)" id="1616433260331-2">
        <createTable tableName="book_reviews">
            <column autoIncrement="true" name="id" type="INTEGER">
                <constraints nullable="false" primaryKey="true" primaryKeyName="book_reviews_pkey"/>
            </column>
            <column name="text" type="VARCHAR(255)"/>
            <column name="time" type="TIMESTAMP WITHOUT TIME ZONE"/>
            <column name="book_id" type="INTEGER"/>
            <column name="user_id" type="INTEGER"/>
        </createTable>
    </changeSet>
    <changeSet author="Молотки (generated)" id="1616433260331-3">
        <createTable tableName="books">
            <column autoIncrement="true" name="id" type="INTEGER">
                <constraints nullable="false" primaryKey="true" primaryKeyName="books_pkey"/>
            </column>
            <column name="description" type="VARCHAR(255)"/>
            <column name="discount" type="INTEGER"/>
            <column name="image" type="VARCHAR(255)"/>
            <column name="is_bestseller" type="INTEGER"/>
            <column name="price" type="VARCHAR(255)"/>
            <column name="price_old" type="VARCHAR(255)"/>
            <column name="pub_date" type="TIMESTAMP WITHOUT TIME ZONE"/>
            <column name="slug" type="VARCHAR(255)"/>
            <column name="title" type="VARCHAR(255)"/>
            <column name="author_id" type="INTEGER"/>
        </createTable>
    </changeSet>
    <changeSet author="Молотки (generated)" id="1616433260331-4">
        <createTable tableName="documents">
            <column autoIncrement="true" name="id" type="INTEGER">
                <constraints nullable="false" primaryKey="true" primaryKeyName="documents_pkey"/>
            </column>
            <column name="slug" type="VARCHAR(255)"/>
            <column name="sort_index" type="INTEGER"/>
            <column name="text" type="VARCHAR(255)"/>
            <column name="title" type="VARCHAR(255)"/>
        </createTable>
    </changeSet>
    <changeSet author="Молотки (generated)" id="1616433260331-5">
        <createTable tableName="faqs">
            <column autoIncrement="true" name="id" type="INTEGER">
                <constraints nullable="false" primaryKey="true" primaryKeyName="faqs_pkey"/>
            </column>
            <column name="answer" type="VARCHAR(255)"/>
            <column name="question" type="VARCHAR(255)"/>
            <column name="sort_index" type="INTEGER"/>
        </createTable>
    </changeSet>
    <changeSet author="Молотки (generated)" id="1616433260331-6">
        <createTable tableName="user_contact">
            <column autoIncrement="true" name="id" type="INTEGER">
                <constraints nullable="false" primaryKey="true" primaryKeyName="user_contact_pkey"/>
            </column>
            <column name="approved" type="INTEGER"/>
            <column name="code" type="VARCHAR(255)"/>
            <column name="code_time" type="TIMESTAMP WITHOUT TIME ZONE"/>
            <column name="code_trials" type="INTEGER"/>
            <column name="contact" type="VARCHAR(255)"/>
            <column name="type" type="INTEGER"/>
            <column name="user_id" type="INTEGER"/>
        </createTable>
    </changeSet>
    <changeSet author="Молотки (generated)" id="1616433260331-7">
        <createTable tableName="users">
            <column autoIncrement="true" name="id" type="INTEGER">
                <constraints nullable="false" primaryKey="true" primaryKeyName="users_pkey"/>
            </column>
            <column name="balance" type="INTEGER"/>
            <column name="hash" type="VARCHAR(255)"/>
            <column name="name" type="VARCHAR(255)"/>
            <column name="reg_time" type="TIMESTAMP WITHOUT TIME ZONE"/>
        </createTable>
    </changeSet>
    <changeSet author="Молотки (generated)" id="1616433260331-8">
        <createTable tableName="genres">
            <column autoIncrement="true" name="id" type="INTEGER">
                <constraints nullable="false" primaryKey="true" primaryKeyName="genres_pkey"/>
            </column>
            <column name="name" type="VARCHAR(255)"/>
            <column name="parent_id" type="INTEGER"/>
            <column name="slug" type="VARCHAR(255)"/>
        </createTable>
    </changeSet>
    <changeSet author="Молотки (generated)" id="1616433260331-9">
        <createTable tableName="massages">
            <column autoIncrement="true" name="id" type="INTEGER">
                <constraints nullable="false" primaryKey="true" primaryKeyName="massages_pkey"/>
            </column>
            <column name="e_mail" type="VARCHAR(255)"/>
            <column name="name" type="VARCHAR(255)"/>
            <column name="subject" type="VARCHAR(255)"/>
            <column name="text" type="VARCHAR(255)"/>
            <column name="time" type="TIMESTAMP WITHOUT TIME ZONE"/>
            <column name="user_id" type="INTEGER"/>
        </createTable>
    </changeSet>
    <changeSet author="Молотки (generated)" id="1616433260331-10">
        <createTable tableName="test_entities">
            <column autoIncrement="true" name="id" type="BIGINT">
                <constraints nullable="false" primaryKey="true" primaryKeyName="test_entities_pkey"/>
            </column>
            <column name="data" type="VARCHAR(255)"/>
        </createTable>
    </changeSet>
    <changeSet author="Молотки (generated)" id="1616433260331-11">
        <addForeignKeyConstraint baseColumnNames="author_id" baseTableName="books" constraintName="fkfjixh2vym2cvfj3ufxj91jem7" deferrable="false" initiallyDeferred="false" onDelete="NO ACTION" onUpdate="NO ACTION" referencedColumnNames="id" referencedTableName="authors" validate="true"/>
    </changeSet>
    <changeSet author="Молотки (generated)" id="1616433260331-12">
        <addForeignKeyConstraint baseColumnNames="book_id" baseTableName="book_reviews" constraintName="fkcm2shivx19spbg0flc47mcrs1" deferrable="false" initiallyDeferred="false" onDelete="NO ACTION" onUpdate="NO ACTION" referencedColumnNames="id" referencedTableName="books" validate="true"/>
    </changeSet>
    <changeSet author="Молотки (generated)" id="1616433260331-13">
        <addForeignKeyConstraint baseColumnNames="user_id" baseTableName="book_reviews" constraintName="fkon3wfhxgwpfu7kl1wu54mw78u" deferrable="false" initiallyDeferred="false" onDelete="NO ACTION" onUpdate="NO ACTION" referencedColumnNames="id" referencedTableName="users" validate="true"/>
    </changeSet>
    <changeSet author="Молотки (generated)" id="1616433260331-14">
        <addForeignKeyConstraint baseColumnNames="user_id" baseTableName="user_contact" constraintName="fkigqfory4r46pqd0sl4csnwp72" deferrable="false" initiallyDeferred="false" onDelete="NO ACTION" onUpdate="NO ACTION" referencedColumnNames="id" referencedTableName="users" validate="true"/>
    </changeSet>
</databaseChangeLog>
